#,Name,MLBAMID,Team,STD_POS,Last,First,Lastv2,Firstv2
1,Clayton Kershaw,477132,LAD,SP,Kershaw,Clayton,Kershaw,Clayton
3,Cory Rasmus,474284,TB,P,Rasmus,Cory,Rasmus,Cory
5,Kenley Jansen,445276,LAA,RP,Jansen,Kenley,Jansen,Kenley
6,Max Scherzer,453286,TOR,SP,Scherzer,Max,Scherzer,Max
7,Liam Hendriks,521230,BOS,RP,Hendriks,Liam,Hendriks,Liam
8,Justin Wilson,458677,BOS,RP,Wilson,Justin,Wilson,Justin
9,Charlie Morton,450203,ATL,SP,Morton,Charlie,Morton,Charlie
11,Anthony Gose,543238,ARI,RP,Gose,Anthony,Gose,Anthony
16,Ryan Brasier,518489,CHC,RP,Brasier,Ryan,Brasier,Ryan
19,Alex Cobb,502171,DET,SP,Cobb,Alex,Cobb,Alex
20,Carlos Carrasco,471911,ATL,SP,Carrasco,Carlos,Carrasco,Carlos
21,Craig Kimbrel,518886,HOU,RP,Kimbrel,Craig,Kimbrel,Craig
22,Martin Perez,527048,CHW,SP,Perez,Martin,Pérez,Martín
23,Luis Garcia,472610,LAA,RP,Garcia,Luis,García,Luis
25,Evan Scribner,519267,TB,P,Scribner,Evan,Scribner,Evan
28,Hunter Strickland,519326,LAA,RP,Strickland,Hunter,Strickland,Hunter
29,Bryan Shaw,543766,SEA,RP,Shaw,Bryan,Shaw,Bryan
30,David Robertson,502085,PHI,RP,Robertson,David,Robertson,David
32,Justin Verlander,434378,SF,SP,Verlander,Justin,Verlander,Justin
33,Wade Miley,489119,CIN,SP,Miley,Wade,Miley,Wade
34,Kirby Yates,489446,LAD,RP,Yates,Kirby,Yates,Kirby
35,Nathan Eovaldi,543135,TEX,SP,Eovaldi,Nathan,Eovaldi,Nathan
36,Casey Kelly,543391,ARI,RP,Kelly,Casey,Kelly,Casey
39,Patrick Corbin,571578,TEX,SP,Corbin,Patrick,Corbin,Patrick
40,Dallas Keuchel,572971,KC,SP,Keuchel,Dallas,Keuchel,Dallas
46,Tyler Matzek,554431,STL,RP,Matzek,Tyler,Matzek,Tyler
49,Shelby Miller,571946,MIL,RP,Miller,Shelby,Miller,Shelby
53,Aroldis Chapman,547973,BOS,RP,Chapman,Aroldis,Chapman,Aroldis
55,Zack Wheeler,554430,PHI,SP,Wheeler,Zack,Wheeler,Zack
56,Erasmo Ramirez,541640,MIN,RP,Ramirez,Erasmo,Ramírez,Erasmo
57,Michael Tonkin,543859,MIN,RP,Tonkin,Michael,Tonkin,Michael
60,Scott Alexander,518397,SF,RP,Alexander,Scott,Alexander,Scott
61,Chris Sale,519242,ATL,SP,Sale,Chris,Sale,Chris
65,Michael Mariot,592527,SEA,RP,Mariot,Michael,Mariot,Michael
67,Chasen Shreve,592741,ATL,RP,Shreve,Chasen,Shreve,Chasen
68,Jacob deGrom,594798,TEX,SP,deGrom,Jacob,deGrom,Jacob
69,Vince Velasquez,592826,CLE,RP,Velasquez,Vince,Velasquez,Vince
70,Tyler Lyons,544928,NYY,P,Lyons,Tyler,Lyons,Tyler
71,Tommy Kahnle,592454,DET,RP,Kahnle,Tommy,Kahnle,Tommy
72,Jose Quintana,500779,MIL,SP,Quintana,Jose,Quintana,Jose
73,Drew Pomeranz,519141,CHC,RP,Pomeranz,Drew,Pomeranz,Drew
77,Robbie Ray,592662,SF,SP,Ray,Robbie,Ray,Robbie
81,Jose Urena,570632,LAA,SP,Urena,Jose,Ureña,José
85,Heath Hembree,592390,SEA,RP,Hembree,Heath,Hembree,Heath
86,Jameson Taillon,592791,CHC,SP,Taillon,Jameson,Taillon,Jameson
90,Luke Jackson,592426,SEA,RP,Jackson,Luke,Jackson,Luke
91,Taijuan Walker,592836,PHI,SP,Walker,Taijuan,Walker,Taijuan
94,Kyle Hendricks,543294,LAA,SP,Hendricks,Kyle,Hendricks,Kyle
95,Scott McGough,543518,ATH,RP,McGough,Scott,McGough,Scott
96,Yimi Garcia,554340,TOR,RP,Garcia,Yimi,García,Yimi
101,Aaron Brooks,605156,ATH,SP,Brooks,Aaron,Brooks,Aaron
102,Chris Bassitt,605135,TOR,SP,Bassitt,Chris,Bassitt,Chris
103,Colin Rea,607067,CHC,SP,Rea,Colin,Rea,Colin
104,Jacob Barnes,606930,TOR,RP,Barnes,Jacob,Barnes,Jacob
105,Seth Lugo,607625,KC,SP,Lugo,Seth,Lugo,Seth
109,Blake Treinen,595014,LAD,RP,Treinen,Blake,Treinen,Blake
110,Adrian Houser,605288,TB,SP,Houser,Adrian,Houser,Adrian
111,Nick Martinez,607259,CIN,SP,Martinez,Nick,Martinez,Nick
112,Rafael Montero,606160,DET,RP,Montero,Rafael,Montero,Rafael
113,Sonny Gray,543243,STL,SP,Gray,Sonny,Gray,Sonny
114,Andrew Kittredge,552640,CHC,RP,Kittredge,Andrew,Kittredge,Andrew
116,Shawn Armstrong,542888,TEX,RP,Armstrong,Shawn,Armstrong,Shawn
119,Andrew McKirahan,605374,MIA,P,McKirahan,Andrew,McKirahan,Andrew
120,Tyler Anderson,542881,LAA,SP,Anderson,Tyler,Anderson,Tyler
123,Joe Musgrove,605397,SD,SP,Musgrove,Joe,Musgrove,Joe
126,Andrew Chafin,605177,LAA,RP,Chafin,Andrew,Chafin,Andrew
128,Yu Darvish,506433,SD,SP,Darvish,Yu,Darvish,Yu
129,Gerrit Cole,543037,NYY,SP,Cole,Gerrit,Cole,Gerrit
130,Derek Law,571882,WSH,RP,Law,Derek,Law,Derek
133,Eduardo Rodriguez,593958,ARI,SP,Rodriguez,Eduardo,Rodriguez,Eduardo
135,Michael Fulmer,605242,SEA,RP,Fulmer,Michael,Fulmer,Michael
136,Jesse Hahn,534910,SEA,RP,Hahn,Jesse,Hahn,Jesse
137,Danny Coulombe,543056,TEX,RP,Coulombe,Danny,Coulombe,Danny
141,Adrian Sampson,592716,WSH,SP,Sampson,Adrian,Sampson,Adrian
144,Steven Matz,571927,BOS,SP,Matz,Steven,Matz,Steven
146,Pierce Johnson,572955,ATL,RP,Johnson,Pierce,Johnson,Pierce
147,Taylor Rogers,573124,CHC,RP,Rogers,Taylor,Rogers,Taylor
148,Lucas Sims,608371,PHI,RP,Sims,Lucas,Sims,Lucas
151,Matt Bowman,621199,HOU,RP,Bowman,Matt,Bowman,Matt
152,Blake Snell,605483,LAD,SP,Snell,Blake,Snell,Blake
153,Steven Okert,595345,HOU,RP,Okert,Steven,Okert,Steven
155,Robert Stephenson,596112,LAA,RP,Stephenson,Robert,Stephenson,Robert
165,Zach Eflin,621107,BAL,SP,Eflin,Zach,Eflin,Zach
166,Matt Strahm,621381,PHI,RP,Strahm,Matt,Strahm,Matt
167,Paul Sewald,623149,DET,RP,Sewald,Paul,Sewald,Paul
169,Brent Suter,608718,CIN,RP,Suter,Brent,Suter,Brent
170,Michael Wacha,608379,KC,SP,Wacha,Michael,Wacha,Michael
171,Kevin Gausman,592332,TOR,SP,Gausman,Kevin,Gausman,Kevin
173,Lance McCullers Jr.,621121,HOU,SP,McCullers Jr.,Lance,McCullers Jr.,Lance
176,Jose Berrios,621244,TOR,SP,Berrios,Jose,Berríos,José
177,Josh Hader,623352,HOU,RP,Hader,Josh,Hader,Josh
179,Ray Black,605143,MIL,P,Black,Ray,Black,Ray
180,Wandy Peralta,593974,SD,RP,Peralta,Wandy,Peralta,Wandy
181,Frankie Montas,593423,NYM,SP,Montas,Frankie,Montas,Frankie
184,Ty Blach,621389,TEX,SP,Blach,Ty,Blach,Ty
185,Tyler Glasnow,607192,LAD,SP,Glasnow,Tyler,Glasnow,Tyler
186,Amir Garrett,607237,TOR,RP,Garrett,Amir,Garrett,Amir
189,Jose Leclerc,600917,ATH,RP,Leclerc,Jose,Leclerc,José
190,Carlos Estevez,608032,KC,RP,Estevez,Carlos,Estévez,Carlos
191,Edwin Diaz,621242,NYM,RP,Diaz,Edwin,Díaz,Edwin
192,Paul Blackburn,621112,NYY,SP,Blackburn,Paul,Blackburn,Paul
194,Buck Farmer,571656,CIN,RP,Farmer,Buck,Farmer,Buck
195,Michael Lorenzen,547179,KC,SP,Lorenzen,Michael,Lorenzen,Michael
196,Joe Mantiply,573009,TOR,RP,Mantiply,Joe,Mantiply,Joe
197,Sam Moll,594580,CIN,RP,Moll,Sam,Moll,Sam
198,Jon Gray,592351,TEX,SP,Gray,Jon,Gray,Jon
199,Chad Kuhl,641771,ATL,RP,Kuhl,Chad,Kuhl,Chad
200,German Marquez,608566,COL,SP,Marquez,German,Márquez,Germán
201,Trevor Gott,641627,SEA,RP,Gott,Trevor,Gott,Trevor
203,Rob Zastryzny,642239,MIL,RP,Zastryzny,Rob,Zastryzny,Rob
204,Ben Heller,621294,CHC,RP,Heller,Ben,Heller,Ben
209,Andrew Heaney,571760,LAD,SP,Heaney,Andrew,Heaney,Andrew
211,Matthew Boyd,571510,CHC,SP,Boyd,Matthew,Boyd,Matthew
212,Jose De Leon,592254,BOS,RP,De Leon,Jose,De León,José
213,Lucas Giolito,608337,BOS,SP,Giolito,Lucas,Giolito,Lucas
214,Antonio Senzatela,622608,COL,SP,Senzatela,Antonio,Senzatela,Antonio
221,Miguel Castro,612434,CHW,RP,Castro,Miguel,Castro,Miguel
222,Luis Castillo,622491,SEA,SP,Castillo,Luis,Castillo,Luis
224,Joe Jimenez,641729,ATL,RP,Jimenez,Joe,Jiménez,Joe
225,Sean Manaea,640455,NYM,SP,Manaea,Sean,Manaea,Sean
226,Luis Severino,622663,ATH,SP,Severino,Luis,Severino,Luis
229,Ryne Stanek,592773,NYM,RP,Stanek,Ryne,Stanek,Ryne
231,Carlos Rodon,607074,NYY,SP,Rodon,Carlos,Rodón,Carlos
232,Aaron Nola,605400,PHI,SP,Nola,Aaron,Nola,Aaron
236,Reynaldo Lopez,625643,ATL,SP,Lopez,Reynaldo,López,Reynaldo
243,Austin Gomber,596295,CHC,RP,Gomber,Austin,Gomber,Austin
244,Brock Stewart,592779,LAD,RP,Stewart,Brock,Stewart,Brock
246,Luke Weaver,596133,NYY,RP,Weaver,Luke,Weaver,Luke
249,Sean Newcomb,656794,ATH,RP,Newcomb,Sean,Newcomb,Sean
250,Grant Holmes,656550,ATL,SP,Holmes,Grant,Holmes,Grant
251,Trevor Williams,592866,WSH,SP,Williams,Trevor,Williams,Trevor
252,Tyler Beede,595881,MIN,RP,Beede,Tyler,Beede,Tyler
254,Raisel Iglesias,628452,ATL,RP,Iglesias,Raisel,Iglesias,Raisel
258,Jeff Hoffman,656546,TOR,RP,Hoffman,Jeff,Hoffman,Jeff
262,Carson Fulmer,608334,LAA,RP,Fulmer,Carson,Fulmer,Carson
264,Kenta Maeda,628317,NYY,RP,Maeda,Kenta,Maeda,Kenta
266,Chris Martin,455119,TEX,RP,Martin,Chris,Martin,Chris
267,Wilking Rodriguez,516853,NYY,RP,Rodriguez,Wilking,Rodríguez,Wilking
268,Fernando Cruz,518585,NYY,RP,Cruz,Fernando,Cruz,Fernando
269,Merrill Kelly,518876,TEX,SP,Kelly,Merrill,Kelly,Merrill
270,Albert Suarez,544150,BAL,RP,Suarez,Albert,Suárez,Albert
271,Michael Kelly,547184,ATH,RP,Kelly,Michael,Kelly,Michael
272,Brooks Raley,548384,NYM,RP,Raley,Brooks,Raley,Brooks
273,David Buchanan,571527,TEX,RP,Buchanan,David,Buchanan,David
274,Miles Mikolas,571945,STL,SP,Mikolas,Miles,Mikolas,Miles
275,Hoby Milner,571948,TEX,RP,Milner,Hoby,Milner,Hoby
277,Burch Smith,572143,PIT,RP,Smith,Burch,Smith,Burch
278,Brian Moran,572383,ATL,RP,Moran,Brian,Moran,Brian
279,Caleb Thielbar,573204,CHC,RP,Thielbar,Caleb,Thielbar,Caleb
281,Yusei Kikuchi,579328,LAA,SP,Kikuchi,Yusei,Kikuchi,Yusei
282,Jason Adam,592094,SD,RP,Adam,Jason,Adam,Jason
283,Cam Booser,592155,CHW,RP,Booser,Cam,Booser,Cam
284,Dylan Covey,592229,ATL,RP,Covey,Dylan,Covey,Dylan
286,Zack Weiss,592848,STL,RP,Weiss,Zack,Weiss,Zack
287,Ben Lively,594902,CLE,SP,Lively,Ben,Lively,Ben
288,John Curtiss,595928,ARI,RP,Curtiss,John,Curtiss,John
289,Jakob Junis,596001,CLE,RP,Junis,Jakob,Junis,Jakob
292,Thyago Vieira,600986,ARI,RP,Vieira,Thyago,Vieira,Thyago
293,Nick Pivetta,601713,SD,SP,Pivetta,Nick,Pivetta,Nick
296,Justin Anderson,605121,CHW,RP,Anderson,Justin,Anderson,Justin
297,Scott Barlow,605130,CIN,RP,Barlow,Scott,Barlow,Scott
298,John Brebbia,605154,BOS,RP,Brebbia,John,Brebbia,John
299,Colten Brewer,605155,NYY,RP,Brewer,Colten,Brewer,Colten
301,Clay Holmes,605280,NYM,SP,Holmes,Clay,Holmes,Clay
305,Yacksel Rios,605441,NYM,RP,Rios,Yacksel,Ríos,Yacksel
306,Jordan Romano,605447,PHI,RP,Romano,Jordan,Romano,Jordan
307,Jeffrey Springs,605488,ATH,SP,Springs,Jeffrey,Springs,Jeffrey
308,Zach Thompson,605507,ATL,RP,Thompson,Zach,Thompson,Zach
309,Spencer Turnbull,605513,KC,SP,Turnbull,Spencer,Turnbull,Spencer
310,Brandon Woodruff,605540,MIL,SP,Woodruff,Brandon,Woodruff,Brandon
312,Giovanny Gallegos,606149,LAD,RP,Gallegos,Giovanny,Gallegos,Giovanny
313,Yefry Ramirez,606162,LAD,RP,Ramirez,Yefry,Ramírez,Yefry
314,Joel Payamps,606303,ATL,RP,Payamps,Joel,Payamps,Joel
316,Kyle Hart,606996,SD,SP,Hart,Kyle,Hart,Kyle
317,Erick Fedde,607200,MIL,SP,Fedde,Erick,Fedde,Erick
318,Joey Krehbiel,607216,KC,RP,Krehbiel,Joey,Krehbiel,Joey
320,Anthony Banda,607455,LAD,RP,Banda,Anthony,Banda,Anthony
321,Aaron Bummer,607481,ATL,RP,Bummer,Aaron,Bummer,Aaron
322,Kyle Freeland,607536,COL,SP,Freeland,Kyle,Freeland,Kyle
323,John Means,607644,CLE,SP,Means,John,Means,John
324,Andrew Vasquez,607755,LAA,RP,Vasquez,Andrew,Vasquez,Andrew
325,Max Fried,608331,NYY,SP,Fried,Max,Fried,Max
327,Tomoyuki Sugano,608372,BAL,SP,Sugano,Tomoyuki,Sugano,Tomoyuki
328,Dietrich Enns,608650,BAL,RP,Enns,Dietrich,Enns,Dietrich
333,Cal Quantrill,615698,TEX,SP,Quantrill,Cal,Quantrill,Cal
336,Jose Castillo,620454,BAL,RP,Castillo,Jose,Castillo,José
339,Jose Cuas,621016,ATL,RP,Cuas,Jose,Cuas,Jose
341,Steven Wilson,621051,CHW,RP,Wilson,Steven,Wilson,Steven
342,Tyler Ferguson,621053,ATH,RP,Ferguson,Tyler,Ferguson,Tyler
343,Justin Garza,621057,NYM,RP,Garza,Justin,Garza,Justin
344,Jacob Waguespack,621097,PHI,RP,Waguespack,Jacob,Waguespack,Jacob
345,Walker Buehler,621111,PHI,SP,Buehler,Walker,Buehler,Walker
346,Ryan Burr,621114,TOR,RP,Burr,Ryan,Burr,Ryan
347,Jose Alvarado,621237,PHI,RP,Alvarado,Jose,Alvarado,José
348,A.J. Minter,621345,NYM,RP,Minter,A.J.,Minter,A.J.
349,Colin Poche,621363,NYM,RP,Poche,Colin,Poche,Colin
350,Ryan Borucki,621366,TOR,RP,Borucki,Ryan,Borucki,Ryan
351,Tanner Banks,621383,PHI,RP,Banks,Tanner,Banks,Tanner
352,Brady Feigl,621399,MIN,RP,Feigl,Brady,Feigl,Brady
358,Alex Young,622065,CIN,RP,Young,Alex,Young,Alex
359,Yency Almonte,622075,CHC,RP,Almonte,Yency,Almonte,Yency
360,Tejay Antone,622088,CIN,RP,Antone,Tejay,Antone,Tejay
361,Drew Smith,622098,NYM,RP,Smith,Drew,Smith,Drew
362,Josh Sborz,622250,TEX,RP,Sborz,Josh,Sborz,Josh
363,Josh Staumont,622251,CIN,RP,Staumont,Josh,Staumont,Josh
364,Dillon Tate,622253,TOR,RP,Tate,Dillon,Tate,Dillon
365,Patrick Weigel,622256,WSH,RP,Weigel,Patrick,Weigel,Patrick
367,Seranthony Dominguez,622554,TOR,RP,Dominguez,Seranthony,Domínguez,Seranthony
369,Miguel Diaz,622766,SF,RP,Diaz,Miguel,Díaz,Miguel
370,Jesus Tinoco,622786,MIA,RP,Tinoco,Jesus,Tinoco,Jesus
372,Huascar Brazoban,623211,NYM,RP,Brazoban,Huascar,Brazobán,Huascar
373,Thomas Pannone,623381,MIL,RP,Pannone,Thomas,Pannone,Thomas
374,Nick Anderson,623433,SEA,RP,Anderson,Nick,Anderson,Nick
375,Justin Topa,623437,MIN,RP,Topa,Justin,Topa,Justin
376,Evan Phillips,623465,LAD,RP,Phillips,Evan,Phillips,Evan
377,Jimmy Herget,623474,COL,RP,Herget,Jimmy,Herget,Jimmy
381,Ranger Suarez,624133,PHI,SP,Suarez,Ranger,Suárez,Ranger
388,Victor Gonzalez,624647,LAA,RP,Gonzalez,Victor,González,Victor
392,Wil Crowe,640444,PHI,RP,Crowe,Wil,Crowe,Wil
393,Kyle Finnegan,640448,DET,RP,Finnegan,Kyle,Finnegan,Kyle
394,Hunter Harvey,640451,KC,RP,Harvey,Hunter,Harvey,Hunter
395,Matt Krook,640454,CLE,RP,Krook,Matt,Krook,Matt
398,A.J. Puk,640462,ARI,RP,Puk,A.J.,Puk,A.J.
399,Adbert Alzolay,640470,NYM,RP,Alzolay,Adbert,Alzolay,Adbert
402,Pablo Lopez,641154,MIN,SP,Lopez,Pablo,López,Pablo
403,Tyler Alexander,641302,CHW,SP,Alexander,Tyler,Alexander,Tyler
404,Shaun Anderson,641312,LAA,RP,Anderson,Shaun,Anderson,Shaun
405,Bryan Baker,641329,TB,RP,Baker,Bryan,Baker,Bryan
407,Phil Bickford,641360,PHI,RP,Bickford,Phil,Bickford,Phil
408,Ben Bowden,641386,ATH,RP,Bowden,Ben,Bowden,Ben
409,Connor Brogdon,641401,LAA,RP,Brogdon,Connor,Brogdon,Connor
410,Alan Busenitz,641427,CIN,RP,Busenitz,Alan,Busenitz,Alan
411,Nestor Cortes,641482,SD,SP,Cortes,Nestor,Cortes,Nestor
414,Bernardo Flores Jr.,641576,CHW,RP,Flores Jr.,Bernardo,Flores Jr.,Bernardo
415,Matt Foster,641582,ARI,RP,Foster,Matt,Foster,Matt
417,J.P. France,641585,HOU,RP,France,J.P.,France,J.P.
419,Ian Hamilton,641656,NYY,RP,Hamilton,Ian,Hamilton,Ian
420,Thomas Hatch,641672,MIN,RP,Hatch,Thomas,Hatch,Thomas
421,Dakota Hudson,641712,LAA,RP,Hudson,Dakota,Hudson,Dakota
422,Rob Kaminsky,641739,STL,RP,Kaminsky,Rob,Kaminsky,Rob
423,Brad Keller,641745,CHC,RP,Keller,Brad,Keller,Brad
424,Tyler Kinley,641755,ATL,RP,Kinley,Tyler,Kinley,Tyler
425,Eric Lauer,641778,TOR,SP,Lauer,Eric,Lauer,Eric
427,Zack Littell,641793,CIN,SP,Littell,Zack,Littell,Zack
429,Tyler Mahle,641816,TEX,SP,Mahle,Tyler,Mahle,Tyler
430,Tim Mayza,641835,PHI,RP,Mayza,Tim,Mayza,Tim
431,Patrick Murphy,641907,TEX,RP,Murphy,Patrick,Murphy,Patrick
432,Bailey Ober,641927,MIN,SP,Ober,Bailey,Ober,Bailey
434,Emilio Pagan,641941,CIN,RP,Pagan,Emilio,Pagán,Emilio
436,Daniel Robert,642016,PHI,RP,Robert,Daniel,Robert,Daniel
438,Tayler Saucedo,642048,SEA,RP,Saucedo,Tayler,Saucedo,Tayler
439,Gabe Speier,642100,SEA,RP,Speier,Gabe,Speier,Gabe
440,Cole Sulser,642121,TB,RP,Sulser,Cole,Sulser,Cole
442,Lou Trivino,642152,PHI,RP,Trivino,Lou,Trivino,Lou
445,Devin Williams,642207,NYY,RP,Williams,Devin,Williams,Devin
447,Allan Winans,642216,NYY,SP,Winans,Allan,Winans,Allan
448,Ryan Yarbrough,642232,NYY,SP,Yarbrough,Ryan,Yarbrough,Ryan
450,Gregory Soto,642397,NYM,RP,Soto,Gregory,Soto,Gregory
451,Jonathan Loaisiga,642528,NYY,RP,Loaisiga,Jonathan,Loáisiga,Jonathan
452,Jonathan Hernandez,642546,TB,RP,Hernandez,Jonathan,Hernández,Jonathan
453,Freddy Peralta,642547,MIL,SP,Peralta,Freddy,Peralta,Freddy
454,Gerson Moreno,642575,STL,RP,Moreno,Gerson,Moreno,Gerson
455,Felix Bautista,642585,BAL,RP,Bautista,Felix,Bautista,Félix
456,Dennis Santana,642701,PIT,RP,Santana,Dennis,Santana,Dennis
462,Justin Dunn,643290,KC,SP,Dunn,Justin,Dunn,Justin
463,Griffin Jax,643377,TB,RP,Jax,Griffin,Jax,Griffin
465,Mark Leiter Jr.,643410,NYY,RP,Leiter Jr.,Mark,Leiter Jr.,Mark
467,Austin Pruitt,643493,ATH,RP,Pruitt,Austin,Pruitt,Austin
468,Tyler Rogers,643511,NYM,RP,Rogers,Tyler,Rogers,Tyler
470,Sandy Alcantara,645261,MIA,SP,Alcantara,Sandy,Alcantara,Sandy
475,Jhonathan Diaz,646242,SEA,SP,Diaz,Jhonathan,Díaz,Jhonathan
477,Zach Pop,647315,CHC,RP,Pop,Zach,Pop,Zach
478,Michael Soroka,647336,CHC,SP,Soroka,Michael,Soroka,Michael
485,Bryan Abreu,650556,HOU,RP,Abreu,Bryan,Abreu,Bryan
488,Michael King,650633,SD,SP,King,Michael,King,Michael
489,Aaron Civale,650644,CHC,SP,Civale,Aaron,Civale,Aaron
491,Genesis Cabrera,650893,MIN,RP,Cabrera,Genesis,Cabrera,Génesis
492,Diego Castillo,650895,COL,RP,Castillo,Diego,Castillo,Diego
494,Cristopher Sanchez,650911,PHI,SP,Sanchez,Cristopher,Sánchez,Cristopher
495,Daniel Duarte,650960,MIN,RP,Duarte,Daniel,Duarte,Daniel
498,Manuel Rodriguez,655889,TB,RP,Rodriguez,Manuel,Rodríguez,Manuel
500,Albert Abreu,656061,CIN,RP,Abreu,Albert,Abreu,Albert
502,Jalen Beeks,656222,ARI,RP,Beeks,Jalen,Beeks,Jalen
503,Brandon Bielak,656232,ARI,RP,Bielak,Brandon,Bielak,Brandon
504,Jake Bird,656234,NYY,RP,Bird,Jake,Bird,Jake
506,J.B. Bukauskas,656266,MIL,RP,Bukauskas,J.B.,Bukauskas,J.B.
507,Brock Burke,656271,LAA,RP,Burke,Brock,Burke,Brock
508,Griffin Canning,656288,NYM,SP,Canning,Griffin,Canning,Griffin
509,Dylan Cease,656302,SD,SP,Cease,Dylan,Cease,Dylan
511,Austin Davis,656354,SD,RP,Davis,Austin,Davis,Austin
513,Tommy Doyle,656382,COL,RP,Doyle,Tommy,Doyle,Tommy
515,Alex Faedo,656412,TB,RP,Faedo,Alex,Faedo,Alex
517,Jack Flaherty,656427,DET,SP,Flaherty,Jack,Flaherty,Jack
518,Tyler Gilbert,656457,CHW,RP,Gilbert,Tyler,Gilbert,Tyler
519,Lucas Gilbreath,656458,COL,RP,Gilbreath,Lucas,Gilbreath,Lucas
520,Kevin Ginkel,656464,ARI,RP,Ginkel,Kevin,Ginkel,Kevin
522,Sam Hentges,656529,CLE,RP,Hentges,Sam,Hentges,Sam
526,Tanner Houck,656557,BOS,SP,Houck,Tanner,Houck,Tanner
529,Mitch Keller,656605,PIT,SP,Keller,Mitch,Keller,Mitch
531,Michael Kopech,656629,LAD,RP,Kopech,Michael,Kopech,Michael
532,Alex Lange,656638,DET,RP,Lange,Alex,Lange,Alex
533,Jacob Latz,656641,TEX,SP,Latz,Jacob,Latz,Jacob
536,Josh Maciejewski,656671,MIL,RP,Maciejewski,Josh,Maciejewski,Josh
538,Trevor Megill,656730,MIL,RP,Megill,Trevor,Megill,Trevor
539,Tylor Megill,656731,NYM,SP,Megill,Tylor,Megill,Tylor
540,Bryce Montes De Oca,656755,NYM,RP,Montes De Oca,Bryce,Montes De Oca,Bryce
541,Jordan Montgomery,656756,MIL,SP,Montgomery,Jordan,Montgomery,Jordan
543,Parker Mushinski,656786,CLE,SP,Mushinski,Parker,Mushinski,Parker
545,Luis F. Ortiz,656814,NYM,RP,Ortiz,Luis F.,Ortiz,Luis F.
546,Connor Overton,656818,TOR,SP,Overton,Connor,Overton,Connor
547,Nicholas Padilla,656820,PHI,RP,Padilla,Nicholas,Padilla,Nicholas
548,Michael Petersen,656848,MIA,RP,Petersen,Michael,Petersen,Michael
549,David Peterson,656849,NYM,SP,Peterson,David,Peterson,David
550,Drew Rasmussen,656876,TB,SP,Rasmussen,Drew,Rasmussen,Drew
552,Sean Reid-Foley,656887,ARI,RP,Reid-Foley,Sean,Reid-Foley,Sean
554,Jared Robinson,656904,ATL,RP,Robinson,Jared,Robinson,Jared
555,Ryder Ryan,656924,PIT,RP,Ryan,Ryder,Ryan,Ryder
556,Tanner Scott,656945,LAD,RP,Scott,Tanner,Scott,Tanner
558,Peter Solomon,656981,CHC,RP,Solomon,Peter,Solomon,Peter
559,Bennett Sousa,656986,HOU,RP,Sousa,Bennett,Sousa,Bennett
560,Justin Steele,657006,CHC,SP,Steele,Justin,Steele,Justin
561,Trey Supak,657022,TEX,SP,Supak,Trey,Supak,Trey
563,Ryan Thompson,657044,ARI,RP,Thompson,Ryan,Thompson,Ryan
564,Touki Toussaint,657053,LAA,RP,Toussaint,Touki,Toussaint,Touki
566,Jacob Webb,657097,TEX,RP,Webb,Jacob,Webb,Jacob
569,Kyle Wright,657140,KC,SP,Wright,Kyle,Wright,Kyle
571,Julian Merryweather,657240,MIL,RP,Merryweather,Julian,Merryweather,Julian
573,Glenn Otto,657248,HOU,RP,Otto,Glenn,Otto,Glenn
574,Peter Strzelecki,657265,TB,RP,Strzelecki,Peter,Strzelecki,Peter
575,Logan Webb,657277,SF,SP,Webb,Logan,Webb,Logan
576,Clarke Schmidt,657376,NYY,SP,Schmidt,Clarke,Schmidt,Clarke
577,Matt Gage,657424,SF,RP,Gage,Matt,Gage,Matt
578,Brennan Bernardino,657514,BOS,RP,Bernardino,Brennan,Bernardino,Brennan
580,Caleb Ferguson,657571,SEA,RP,Ferguson,Caleb,Ferguson,Caleb
581,Reed Garrett,657585,NYM,RP,Garrett,Reed,Garrett,Reed
582,Tim Hill,657612,NYY,RP,Hill,Tim,Hill,Tim
583,Jared Koenig,657649,MIL,RP,Koenig,Jared,Koenig,Jared
587,Joe Ryan,657746,MIN,SP,Ryan,Joe,Ryan,Joe
588,Connor Seabold,657756,ATL,RP,Seabold,Connor,Seabold,Connor
590,Eric Stout,657770,SEA,RP,Stout,Eric,Stout,Eric
591,Adonis Medina,658431,PHI,RP,Medina,Adonis,Medina,Adonis
592,Junior Fernandez,658551,NYM,RP,Fernandez,Junior,Fernández,Junior
593,Pedro Avila,658648,CLE,RP,Avila,Pedro,Avila,Pedro
594,Shohei Ohtani,660271,LAD,SP,Ohtani,Shohei,Ohtani,Shohei
595,Enoli Paredes,660600,ATL,RP,Paredes,Enoli,Paredes,Enoli
597,Huascar Ynoa,660623,MIN,RP,Ynoa,Huascar,Ynoa,Huascar
603,Elvin Rodriguez,660730,ARI,SP,Rodriguez,Elvin,Rodríguez,Elvin
604,Jose Suarez,660761,ATL,RP,Suarez,Jose,Suarez,José
606,Yerry De los Santos,660787,NYY,RP,De los Santos,Yerry,De los Santos,Yerry
607,Brusdar Graterol,660813,LAD,RP,Graterol,Brusdar,Graterol,Brusdar
609,Eduard Bazardo,660825,SEA,RP,Bazardo,Eduard,Bazardo,Eduard
612,Enyel De Los Santos,660853,HOU,RP,De Los Santos,Enyel,De Los Santos,Enyel
613,Jorge Alcala,660896,STL,RP,Alcala,Jorge,Alcala,Jorge
614,Francisco Perez,660906,ATH,RP,Perez,Francisco,Pérez,Francisco
615,Adrian Martinez,661309,ATH,RP,Martinez,Adrian,Martínez,Adrián
616,Oliver Ortega,661383,NYM,RP,Ortega,Oliver,Ortega,Oliver
618,Jhoan Duran,661395,PHI,RP,Duran,Jhoan,Duran,Jhoan
619,Emmanuel Clase,661403,CLE,RP,Clase,Emmanuel,Clase,Emmanuel
621,Luis Gil,661563,NYY,SP,Gil,Luis,Gil,Luis
623,Andres Munoz,662253,SEA,RP,Munoz,Andres,Muñoz,Andrés
624,Robert Suarez,663158,SD,RP,Suarez,Robert,Suarez,Robert
626,Matt Waldron,663362,SD,SP,Waldron,Matt,Waldron,Matt
628,Ryan Feltner,663372,COL,SP,Feltner,Ryan,Feltner,Ryan
629,Thomas Szapucki,663378,DET,RP,Szapucki,Thomas,Szapucki,Thomas
630,Trent Thornton,663423,SEA,RP,Thornton,Trent,Thornton,Trent
631,Tanner Rainey,663432,DET,RP,Rainey,Tanner,Rainey,Tanner
632,Davis Martin,663436,CHW,SP,Martin,Davis,Martin,Davis
633,Konnor Pilkington,663455,WSH,RP,Pilkington,Konnor,Pilkington,Konnor
635,Kris Bubic,663460,KC,SP,Bubic,Kris,Bubic,Kris
636,Isaiah Campbell,663462,BOS,RP,Campbell,Isaiah,Campbell,Isaiah
637,Kolby Allard,663465,CLE,RP,Allard,Kolby,Allard,Kolby
638,Cole Sands,663485,MIN,RP,Sands,Cole,Sands,Cole
639,Ben Leeper,663510,CHC,RP,Leeper,Ben,Leeper,Ben
642,Bryan Hudson,663542,CHW,RP,Hudson,Bryan,Hudson,Bryan
643,Sean Hjelle,663546,SF,RP,Hjelle,Sean,Hjelle,Sean
644,Casey Mize,663554,DET,SP,Mize,Casey,Mize,Casey
645,Shane McClanahan,663556,TB,SP,McClanahan,Shane,McClanahan,Shane
646,Jovani Moran,663558,BOS,RP,Moran,Jovani,Morán,Jovani
647,Bailey Falter,663559,KC,SP,Falter,Bailey,Falter,Bailey
648,Stephen Kolek,663568,KC,SP,Kolek,Stephen,Kolek,Stephen
649,Tony Santillan,663574,CIN,RP,Santillan,Tony,Santillan,Tony
656,Jake Irvin,663623,WSH,SP,Irvin,Jake,Irvin,Jake
658,Ethan Small,663629,SF,RP,Small,Ethan,Small,Ethan
661,Thaddeus Ward,663658,BAL,RP,Ward,Thaddeus,Ward,Thaddeus
663,Nic Enright,663671,CLE,RP,Enright,Nic,Enright,Nic
664,Hogan Harris,663687,ATH,RP,Harris,Hogan,Harris,Hogan
667,James McArthur,663704,KC,RP,McArthur,James,McArthur,James
671,Daniel Lynch IV,663738,KC,SP,Lynch IV,Daniel,Lynch IV,Daniel
673,Reiss Knehr,663753,SD,RP,Knehr,Reiss,Knehr,Reiss
675,Chase Shugart,663767,PIT,RP,Shugart,Chase,Shugart,Chase
676,Bryan Hoeing,663773,SD,RP,Hoeing,Bryan,Hoeing,Bryan
677,Patrick Sandoval,663776,BOS,SP,Sandoval,Patrick,Sandoval,Patrick
679,Jackson Kowar,663804,SEA,RP,Kowar,Jackson,Kowar,Jackson
683,Jordan Hicks,663855,BOS,SP,Hicks,Jordan,Hicks,Jordan
684,Nate Pearson,663878,HOU,RP,Pearson,Nate,Pearson,Nate
686,Brendon Little,663893,TOR,RP,Little,Brendon,Little,Brendon
689,Brady Singer,663903,CIN,SP,Singer,Brady,Singer,Brady
691,Tristan Beck,663941,SF,RP,Beck,Tristan,Beck,Tristan
692,Tyler Holton,663947,DET,RP,Holton,Tyler,Holton,Tyler
693,Tyler Ivey,663959,HOU,SP,Ivey,Tyler,Ivey,Tyler
696,Tyler Phillips,663969,MIA,RP,Phillips,Tyler,Phillips,Tyler
697,Blair Calvo,663971,DET,RP,Calvo,Blair,Calvo,Blair
698,Chris Paddack,663978,DET,SP,Paddack,Chris,Paddack,Chris
699,Trevor Stephan,663986,CLE,RP,Stephan,Trevor,Stephan,Trevor
700,Nick Vespi,663989,PHI,RP,Vespi,Nick,Vespi,Nick
705,Travis Lakins Sr.,664042,CHW,RP,Lakins Sr.,Travis,Lakins Sr.,Travis
706,Cody Stashak,664054,PHI,RP,Stashak,Cody,Stashak,Cody
711,Tony Gonsolin,664062,LAD,SP,Gonsolin,Tony,Gonsolin,Tony
713,Garrett Cleavinger,664076,TB,RP,Cleavinger,Garrett,Cleavinger,Garrett
714,Tyler Jay,664079,MIL,RP,Jay,Tyler,Jay,Tyler
715,Sean Poppen,664092,LAA,RP,Poppen,Sean,Poppen,Sean
716,Scott Effross,664123,NYY,RP,Effross,Scott,Effross,Scott
717,Pete Fairbanks,664126,TB,RP,Fairbanks,Pete,Fairbanks,Pete
718,Geoff Hartlieb,664129,KC,RP,Hartlieb,Geoff,Hartlieb,Geoff
719,Ian Gibaut,664139,CIN,RP,Gibaut,Ian,Gibaut,Ian
720,JT Brubaker,664141,SF,RP,Brubaker,JT,Brubaker,JT
721,Joey Lucchesi,664192,SF,SP,Lucchesi,Joey,Lucchesi,Joey
722,Taylor Clarke,664199,KC,RP,Clarke,Taylor,Clarke,Taylor
723,Phil Maton,664208,TEX,RP,Maton,Phil,Maton,Phil
725,Framber Valdez,664285,HOU,SP,Valdez,Framber,Valdez,Framber
726,Dauri Moreta,664294,PIT,RP,Moreta,Dauri,Moreta,Dauri
727,Cristian Javier,664299,HOU,SP,Javier,Cristian,Javier,Cristian
728,Luis Contreras,664351,HOU,RP,Contreras,Luis,Contreras,Luis
729,Jose Urquidy,664353,DET,SP,Urquidy,Jose,Urquidy,José
734,Jose Espada,664744,BAL,RP,Espada,Jose,Espada,Jose
736,Jake Cousins,664776,NYY,RP,Cousins,Jake,Cousins,Jake
737,Danny Young,664849,NYM,RP,Young,Danny,Young,Danny
738,Jay Flaa,664852,ATL,RP,Flaa,Jay,Flaa,Jay
739,Ryan Helsley,664854,NYM,RP,Helsley,Ryan,Helsley,Ryan
741,Justin Lawrence,664875,PIT,RP,Lawrence,Justin,Lawrence,Justin
743,Anthony Misiewicz,664948,MIN,RP,Misiewicz,Anthony,Misiewicz,Anthony
746,Trevor Kelley,665001,SEA,RP,Kelley,Trevor,Kelley,Trevor
748,Hobie Harris,665048,BOS,RP,Harris,Hobie,Harris,Hobie
750,Dean Kremer,665152,BAL,SP,Kremer,Dean,Kremer,Dean
758,Deivi Garcia,665620,CIN,RP,Garcia,Deivi,García,Deivi
759,Luis Medina,665622,ATH,SP,Medina,Luis,Medina,Luis
760,Elvis Peguero,665625,CHW,RP,Peguero,Elvis,Peguero,Elvis
761,Kervin Castro,665645,NYY,RP,Castro,Kervin,Castro,Kervin
762,Elvis Alvarado,665660,ATH,RP,Alvarado,Elvis,Alvarado,Elvis
763,Reiver Sanmartin,665665,CIN,RP,Sanmartin,Reiver,Sanmartin,Reiver
764,Antonio Santos,665733,CHC,RP,Santos,Antonio,Santos,Antonio
765,Angel Felipe,665734,LAA,RP,Felipe,Angel,Felipe,Angel
769,Edward Cabrera,665795,MIA,SP,Cabrera,Edward,Cabrera,Edward
777,Javier Assad,665871,CHC,SP,Assad,Javier,Assad,Javier
780,Jose Marte,665896,NYM,RP,Marte,Jose,Marte,José
789,Ian Anderson,666120,ATL,RP,Anderson,Ian,Anderson,Ian
790,Tyler Baum,666121,ATH,RP,Baum,Tyler,Baum,Tyler
792,Braxton Garrett,666129,MIA,SP,Garrett,Braxton,Garrett,Braxton
795,Cole Ragans,666142,KC,SP,Ragans,Cole,Ragans,Cole
799,Karl Kauffmann,666154,COL,RP,Kauffmann,Karl,Kauffmann,Karl
800,Nick Lodolo,666157,CIN,SP,Lodolo,Nick,Lodolo,Nick
802,Matt Manning,666159,PHI,SP,Manning,Matt,Manning,Matt
807,Mason Thompson,666168,WSH,RP,Thompson,Mason,Thompson,Mason
808,Ryan Zeferjahn,666171,LAA,RP,Zeferjahn,Ryan,Zeferjahn,Ryan
816,Jesus Luzardo,666200,PHI,SP,Luzardo,Jesus,Luzardo,Jesús
817,Alek Manoah,666201,ATL,SP,Manoah,Alek,Manoah,Alek
818,Riley Pint,666207,CLE,RP,Pint,Riley,Pint,Riley
819,Alex Speas,666208,MIN,RP,Speas,Alex,Speas,Alex
821,Joey Wentz,666214,ATL,SP,Wentz,Joey,Wentz,Joey
822,Forrest Whitley,666215,TB,RP,Whitley,Forrest,Whitley,Forrest
823,George Soriano,666277,MIA,RP,Soriano,George,Soriano,George
825,Jordan Balazovic,666364,DET,RP,Balazovic,Jordan,Balazovic,Jordan
826,Matt Brash,666374,SEA,RP,Brash,Matt,Brash,Matt
829,Gregory Santos,666619,SEA,RP,Santos,Gregory,Santos,Gregory
832,Juan Morillo,666661,ARI,RP,Morillo,Juan,Morillo,Juan
834,Max Castillo,666721,PHI,RP,Castillo,Max,Castillo,Max
835,Jhony Brito,666745,SD,RP,Brito,Jhony,Brito,Jhony
837,Camilo Doval,666808,NYY,RP,Doval,Camilo,Doval,Camilo
842,Yennier Cano,666974,BAL,RP,Cano,Yennier,Cano,Yennier
843,Tommy Nance,667297,TOR,RP,Nance,Tommy,Nance,Tommy
844,Bryan Mata,667356,BOS,RP,Mata,Bryan,Mata,Bryan
845,Zach Jackson,667427,ATH,RP,Jackson,Zach,Jackson,Zach
846,Marshall Kasowski,667445,LAD,RP,Kasowski,Marshall,Kasowski,Marshall
848,John King,667463,STL,RP,King,John,King,John
850,Evan Kravetz,667478,CIN,SP,Kravetz,Evan,Kravetz,Evan
851,Robert Dugger,667498,TEX,RP,Dugger,Robert,Dugger,Robert
853,Kyle Tyler,667725,CHW,RP,Tyler,Kyle,Tyler,Kyle
854,Jose Soriano,667755,LAA,SP,Soriano,Jose,Soriano,José
856,Cole Winn,668390,TEX,RP,Winn,Cole,Winn,Cole
857,Hagen Danner,668470,SEA,RP,Danner,Hagen,Danner,Hagen
860,Stephen Nogosek,668665,KC,RP,Nogosek,Stephen,Nogosek,Stephen
862,Lucas Erceg,668674,KC,RP,Erceg,Lucas,Erceg,Lucas
863,Zach Plesac,668676,STL,SP,Plesac,Zach,Plesac,Zach
864,Zac Gallen,668678,ARI,SP,Gallen,Zac,Gallen,Zac
867,Noah Murdock,668716,KC,RP,Murdock,Noah,Murdock,Noah
873,Colin Peluse,668761,ATH,RP,Peluse,Colin,Peluse,Colin
874,Dylan File,668766,SEA,SP,File,Dylan,File,Dylan
877,Max Kranick,668820,NYM,RP,Kranick,Max,Kranick,Max
879,Easton McGee,668834,MIL,RP,McGee,Easton,McGee,Easton
883,Zack Thompson,668868,STL,RP,Thompson,Zack,Thompson,Zack
884,Caleb Kilian,668873,CHC,RP,Kilian,Caleb,Kilian,Caleb
885,Blair Henley,668874,HOU,SP,Henley,Blair,Henley,Blair
886,Hunter Greene,668881,CIN,SP,Greene,Hunter,Greene,Hunter
890,Gavin Williams,668909,CLE,SP,Williams,Gavin,Williams,Gavin
892,Graham Ashcraft,668933,CIN,RP,Ashcraft,Graham,Ashcraft,Graham
894,JoJo Romero,668941,STL,RP,Romero,JoJo,Romero,JoJo
896,Tobias Myers,668964,MIL,SP,Myers,Tobias,Myers,Tobias
897,Gavin Hollowell,668970,CHC,RP,Hollowell,Gavin,Hollowell,Gavin
898,Casey Legumina,668984,SEA,RP,Legumina,Casey,Legumina,Casey
903,Ryan Rolison,669020,COL,RP,Rolison,Ryan,Rolison,Ryan
904,MacKenzie Gore,669022,WSH,SP,Gore,MacKenzie,Gore,MacKenzie
905,Erik Miller,669062,SF,RP,Miller,Erik,Miller,Erik
907,DL Hall,669084,MIL,RP,Hall,DL,Hall,DL
909,Matt Cronin,669091,SEA,RP,Cronin,Matt,Cronin,Matt
910,Jeremiah Estrada,669093,SD,RP,Estrada,Jeremiah,Estrada,Jeremiah
911,John McMillon,669111,PHI,RP,McMillon,John,McMillon,John
915,Dustin May,669160,BOS,SP,May,Dustin,May,Dustin
916,Kyle Hurt,669165,LAD,RP,Hurt,Kyle,Hurt,Kyle
917,Jonathan Heasley,669169,KC,RP,Heasley,Jonathan,Heasley,Jonathan
918,Ryne Nelson,669194,ARI,SP,Nelson,Ryne,Nelson,Ryne
919,Lake Bachar,669199,MIA,RP,Bachar,Lake,Bachar,Lake
921,Corbin Burnes,669203,ARI,SP,Burnes,Corbin,Burnes,Corbin
923,Keegan Akin,669211,BAL,RP,Akin,Keegan,Akin,Keegan
924,Eli Morgan,669212,CHC,RP,Morgan,Eli,Morgan,Eli
935,Joel Kuhnel,669270,NYY,RP,Kuhnel,Joel,Kuhnel,Joel
936,Dylan Lee,669276,ATL,RP,Lee,Dylan,Lee,Dylan
939,Logan Gilbert,669302,SEA,SP,Gilbert,Logan,Gilbert,Logan
941,Sean Reynolds,669308,SD,RP,Reynolds,Sean,Reynolds,Sean
944,Tyler Wells,669330,BAL,SP,Wells,Tyler,Wells,Tyler
946,Shane Baz,669358,TB,SP,Baz,Shane,Baz,Shane
949,Asa Lacy,669370,KC,SP,Lacy,Asa,Lacy,Asa
950,Cole Henry,669371,WSH,RP,Henry,Cole,Henry,Cole
951,J.T. Ginn,669372,ATH,SP,Ginn,J.T.,Ginn,J.T.
952,Tarik Skubal,669373,DET,SP,Skubal,Tarik,Skubal,Tarik
955,Carmen Mlodzinski,669387,PIT,SP,Mlodzinski,Carmen,Mlodzinski,Carmen
956,Owen White,669391,CHW,RP,White,Owen,White,Owen
959,Dylan Coleman,669395,BAL,RP,Coleman,Dylan,Coleman,Dylan
963,Matt Sauer,669422,LAD,RP,Sauer,Matt,Sauer,Matt
964,Trevor Rogers,669432,BAL,SP,Rogers,Trevor,Rogers,Trevor
965,Mason Englert,669438,TB,RP,Englert,Mason,Englert,Mason
966,Chandler Champlain,669441,KC,SP,Champlain,Chandler,Champlain,Chandler
968,Shane Bieber,669456,TOR,SP,Bieber,Shane,Bieber,Shane
969,Kyle Nelson,669459,ARI,RP,Nelson,Kyle,Nelson,Kyle
970,Matthew Liberatore,669461,STL,SP,Liberatore,Matthew,Liberatore,Matthew
971,Andre Pallante,669467,STL,SP,Pallante,Andre,Pallante,Andre
974,Joe Barlow,669618,TEX,RP,Barlow,Joe,Barlow,Joe
975,Brady Basso,669620,ATH,RP,Basso,Brady,Basso,Brady
976,Anthony Bender,669622,MIA,RP,Bender,Anthony,Bender,Anthony
977,Sam Long,669674,KC,RP,Long,Sam,Long,Sam
978,Chris Murphy,669684,BOS,RP,Murphy,Chris,Murphy,Chris
982,Greg Weissert,669711,BOS,RP,Weissert,Greg,Weissert,Greg
983,Hayden Wesneski,669713,HOU,SP,Wesneski,Hayden,Wesneski,Hayden
986,Davis Daniel,669721,ATL,SP,Daniel,Davis,Daniel,Davis
988,Brenan Hanifee,669724,DET,RP,Hanifee,Brenan,Hanifee,Brenan
989,Chris Rodriguez,669735,CHW,RP,Rodriguez,Chris,Rodriguez,Chris
992,Ronel Blanco,669854,HOU,SP,Blanco,Ronel,Blanco,Ronel
994,Jason Alexander,669920,HOU,SP,Alexander,Jason,Alexander,Jason
995,George Kirby,669923,SEA,SP,Kirby,George,Kirby,George
997,Jesse Scholtens,669947,TB,RP,Scholtens,Jesse,Scholtens,Jesse
999,Matt Festa,670036,CLE,RP,Festa,Matt,Festa,Matt
1001,Colin Holderman,670059,PIT,RP,Holderman,Colin,Holderman,Colin
1002,Wyatt Mills,670090,BOS,RP,Mills,Wyatt,Mills,Wyatt
1005,Bowden Francis,670102,TOR,SP,Francis,Bowden,Francis,Bowden
1008,Parker Dunshee,670161,WSH,RP,Dunshee,Parker,Dunshee,Parker
1009,John Schreiber,670167,KC,RP,Schreiber,John,Schreiber,John
1010,Josh Winckowski,670174,BOS,RP,Winckowski,Josh,Winckowski,Josh
1011,Garrett Acton,670183,TB,RP,Acton,Garrett,Acton,Garrett
1015,Darius Vines,670241,ATL,SP,Vines,Darius,Vines,Darius
1017,David Bednar,670280,NYY,RP,Bednar,David,Bednar,David
1018,Rico Garcia,670329,BAL,RP,Garcia,Rico,Garcia,Rico
1021,Aaron Fossas,670579,CIN,P,Fossas,Aaron,Fossas,Aaron
1025,Logan Gillaspie,670810,SD,RP,Gillaspie,Logan,Gillaspie,Logan
1028,Guillo Zuniga,670871,SEA,RP,Zuniga,Guillo,Zuñiga,Guillo
1029,Johan Oviedo,670912,PIT,SP,Oviedo,Johan,Oviedo,Johan
1030,Edwin Uceta,670955,TB,RP,Uceta,Edwin,Uceta,Edwin
1031,Adrian Morejon,670970,SD,RP,Morejon,Adrian,Morejon,Adrian
1032,Yohan Ramirez,670990,PIT,RP,Ramirez,Yohan,Ramírez,Yohan
1035,Andrew Abbott,671096,CIN,SP,Abbott,Andrew,Abbott,Andrew
1036,Logan Allen,671106,CLE,SP,Allen,Logan,Allen,Logan
1037,Jake Eder,671109,WSH,RP,Eder,Jake,Eder,Jake
1038,Sammy Peralta,671111,LAA,RP,Peralta,Sammy,Peralta,Sammy
1040,Jackson Rutledge,671131,WSH,RP,Rutledge,Jackson,Rutledge,Jackson
1041,Connor Thomas,671162,MIL,RP,Thomas,Connor,Thomas,Connor
1042,Joe Boyle,671212,TB,SP,Boyle,Joe,Boyle,Joe
1052,Michel Otanez,671305,ATH,RP,Otanez,Michel,Otañez,Michel
1053,Jason Foley,671345,DET,RP,Foley,Jason,Foley,Jason
1055,Marquis Grissom Jr.,671726,WSH,RP,Grissom Jr.,Marquis,Grissom Jr.,Marquis
1057,Taj Bradley,671737,MIN,SP,Bradley,Taj,Bradley,Taj
1060,Cade Smith,671922,CLE,RP,Smith,Cade,Smith,Cade
1061,Adam Macko,671936,TOR,SP,Macko,Adam,Macko,Adam
1064,Eric Pardinho,672078,TOR,RP,Pardinho,Eric,Pardinho,Eric
1067,Reid Detmers,672282,LAA,RP,Detmers,Reid,Detmers,Reid
1073,Kaleb Ort,672391,HOU,RP,Ort,Kaleb,Ort,Kaleb
1074,Keider Montero,672456,DET,SP,Montero,Keider,Montero,Keider
1076,Helcris Olivarez,672487,SF,RP,Olivarez,Helcris,Olivarez,Helcris
1080,Carlos Hernandez,672578,CLE,RP,Hernandez,Carlos,Hernández,Carlos
1082,Angel Zerpa,672582,KC,RP,Zerpa,Angel,Zerpa,Angel
1083,Gerardo Carrillo,672629,TEX,RP,Carrillo,Gerardo,Carrillo,Gerardo
1087,Roansy Contreras,672710,COL,RP,Contreras,Roansy,Contreras,Roansy
1089,Juan Then,672730,CHW,RP,Then,Juan,Then,Juan
1093,Yoendrys Gomez,672782,CHW,SP,Gomez,Yoendrys,Gómez,Yoendrys
1094,Jairo Solis,672810,HOU,SP,Solis,Jairo,Solis,Jairo
1097,Francisco Morales,672839,ARI,RP,Morales,Francisco,Morales,Francisco
1098,Carlos Vargas,672841,SEA,RP,Vargas,Carlos,Vargas,Carlos
1099,Joan Adon,672851,WSH,RP,Adon,Joan,Adon,Joan
1100,Prelander Berroa,672860,CHW,RP,Berroa,Prelander,Berroa,Prelander
1103,Dedniel Nunez,673380,NYM,RP,Nunez,Dedniel,Núñez,Dedniel
1105,Yuki Matsui,673513,SD,RP,Matsui,Yuki,Matsui,Yuki
1106,Kodai Senga,673540,NYM,SP,Senga,Kodai,Senga,Kodai
1108,Jordan Leasure,673929,CHW,RP,Leasure,Jordan,Leasure,Jordan
1111,Cody Bradford,674003,TEX,SP,Bradford,Cody,Bradford,Cody
1112,Tommy Henry,674072,ARI,RP,Henry,Tommy,Henry,Tommy
1113,Eduardo Salazar,674285,WSH,RP,Salazar,Eduardo,Salazar,Eduardo
1114,Osvaldo Bido,674370,ATH,SP,Bido,Osvaldo,Bido,Osvaldo
1116,Steven Cruz,674444,KC,RP,Cruz,Steven,Cruz,Steven
1117,Michael Plassmeyer,674681,TEX,SP,Plassmeyer,Michael,Plassmeyer,Michael
1118,Andrew Alvarez,674841,WSH,SP,Alvarez,Andrew,Alvarez,Andrew
1119,Sean Guenther,674944,DET,RP,Guenther,Sean,Guenther,Sean
1120,Troy Melton,675512,DET,SP,Melton,Troy,Melton,Troy
1121,Xzavion Curry,675540,COL,RP,Curry,Xzavion,Curry,Xzavion
1122,Michael Grove,675627,LAD,RP,Grove,Michael,Grove,Michael
1124,Michael Mercado,675650,PHI,RP,Mercado,Michael,Mercado,Michael
1126,Spencer Strider,675911,ATL,SP,Strider,Spencer,Strider,Spencer
1128,James Karinchak,675916,CHW,RP,Karinchak,James,Karinchak,James
1131,Cody Bolton,675989,HOU,RP,Bolton,Cody,Bolton,Cody
1133,Griff McGarry,676046,PHI,RP,McGarry,Griff,McGarry,Griff
1134,Packy Naughton,676050,STL,RP,Naughton,Packy,Naughton,Packy
1137,Janson Junk,676083,MIA,SP,Junk,Janson,Junk,Janson
1138,Collin Snider,676092,SEA,RP,Snider,Collin,Snider,Collin
1139,Jeff Criswell,676105,COL,RP,Criswell,Jeff,Criswell,Jeff
1140,Emerson Hancock,676106,SEA,SP,Hancock,Emerson,Hancock,Emerson
1143,Jose Butto,676130,SF,RP,Butto,Jose,Buttó,José
1144,Freddy Tarnok,676206,MIA,RP,Tarnok,Freddy,Tarnok,Freddy
1145,Seth Elledge,676220,ATH,RP,Elledge,Seth,Elledge,Seth
1146,Ryan Walker,676254,SF,RP,Walker,Ryan,Walker,Ryan
1147,Jack Dreyer,676263,LAD,RP,Dreyer,Jack,Dreyer,Jack
1148,Cory Abbott,676265,TEX,RP,Abbott,Cory,Abbott,Cory
1149,Bobby Miller,676272,LAD,SP,Miller,Bobby,Miller,Bobby
1150,Joey Cantillo,676282,CLE,SP,Cantillo,Joey,Cantillo,Joey
1154,Robert Garcia,676395,TEX,RP,Garcia,Robert,Garcia,Robert
1155,Brant Hurter,676428,DET,RP,Hurter,Brant,Hurter,Brant
1157,Tanner Bibee,676440,CLE,SP,Bibee,Tanner,Bibee,Tanner
1159,Colton Gordon,676467,HOU,SP,Gordon,Colton,Gordon,Colton
1161,Garrett Whitlock,676477,BOS,RP,Whitlock,Garrett,Whitlock,Garrett
1163,Ben Casparius,676508,LAD,SP,Casparius,Ben,Casparius,Ben
1164,Nolan Hoffman,676510,PHI,SP,Hoffman,Nolan,Hoffman,Nolan
1165,Calvin Faucher,676534,MIA,RP,Faucher,Calvin,Faucher,Calvin
1167,Ricky Vanasco,676568,DET,RP,Vanasco,Ricky,Vanasco,Ricky
1169,Josh Fleming,676596,SEA,RP,Fleming,Josh,Fleming,Josh
1170,Tyler Zuber,676604,MIA,RP,Zuber,Tyler,Zuber,Tyler
1172,Riley O’Brien,676617,STL,RP,O’Brien,Riley,O’Brien,Riley
1175,Max Lazar,676661,PHI,RP,Lazar,Max,Lazar,Max
1176,JP Sears,676664,SD,SP,Sears,JP,Sears,JP
1178,Tom Cosgrove,676680,CHC,RP,Cosgrove,Tom,Cosgrove,Tom
1179,Will Vest,676684,DET,RP,Vest,Will,Vest,Will
1182,Hunter Stratton,676702,ATL,RP,Stratton,Hunter,Stratton,Hunter
1183,Kutter Crawford,676710,BOS,SP,Crawford,Kutter,Crawford,Kutter
1184,Brandon Hughes,676714,CHC,RP,Hughes,Brandon,Hughes,Brandon
1185,Tommy Romero,676720,CHC,SP,Romero,Tommy,Romero,Tommy
1187,Isaac Mattson,676755,PIT,RP,Mattson,Isaac,Mattson,Isaac
1189,Ron Marinaccio,676760,SD,RP,Marinaccio,Ron,Marinaccio,Ron
1191,Keaton Winn,676775,SF,RP,Winn,Keaton,Winn,Keaton
1194,Kodi Whitley,676831,TB,RP,Whitley,Kodi,Whitley,Kodi
1195,Aaron Ashby,676879,MIL,SP,Ashby,Aaron,Ashby,Aaron
1198,Cade Cavalli,676917,WSH,SP,Cavalli,Cade,Cavalli,Cade
1200,Caleb Boushley,676961,TB,RP,Boushley,Caleb,Boushley,Caleb
1201,Ben Brown,676962,CHC,SP,Brown,Ben,Brown,Ben
1202,Brett de Geus,676969,PHI,RP,de Geus,Brett,de Geus,Brett
1203,Max Meyer,676974,MIA,SP,Meyer,Max,Meyer,Max
1204,Garrett Crochet,676979,BOS,SP,Crochet,Garrett,Crochet,Garrett
1206,Josh Walker,677020,BAL,RP,Walker,Josh,Walker,Josh
1207,Andrew Nardi,677053,MIA,RP,Nardi,Andrew,Nardi,Andrew
1208,Clayton Andrews,677076,SF,RP,Andrews,Clayton,Andrews,Clayton
1209,Zack Kelly,677161,BOS,RP,Kelly,Zack,Kelly,Zack
1221,Luis Garcia,677651,HOU,SP,Garcia,Luis,Garcia,Luis
1223,Justin Bruihl,677865,TOR,RP,Bruihl,Justin,Bruihl,Justin
1228,Slade Cecconi,677944,CLE,SP,Cecconi,Slade,Cecconi,Slade
1231,Braxton Ashcraft,677952,PIT,SP,Ashcraft,Braxton,Ashcraft,Braxton
1233,Jaden Hill,677955,COL,RP,Hill,Jaden,Hill,Jaden
1235,Kumar Rocker,677958,TEX,SP,Rocker,Kumar,Rocker,Kumar
1236,Ryan Weathers,677960,MIA,SP,Weathers,Ryan,Weathers,Ryan
1237,Cole Wilcox,677961,TB,RP,Wilcox,Cole,Wilcox,Cole
1238,Randy Dobnak,677976,DET,RP,Dobnak,Randy,Dobnak,Randy
1242,Seth Halvorsen,678020,COL,RP,Halvorsen,Seth,Halvorsen,Seth
1243,Jack Perkins,678022,ATH,SP,Perkins,Jack,Perkins,Jack
1244,Mike Vasil,678024,CHW,SP,Vasil,Mike,Vasil,Mike
1245,Ray Kerr,678061,ATL,RP,Kerr,Ray,Kerr,Ray
1247,Daysbel Hernandez,678226,ATL,RP,Hernandez,Daysbel,Hernández,Daysbel
1249,Omar Cruz,678316,SD,RP,Cruz,Omar,Cruz,Omar
1250,Valente Bellozo,678368,MIA,SP,Bellozo,Valente,Bellozo,Valente
1252,Brayan Bello,678394,BOS,SP,Bello,Brayan,Bello,Brayan
1254,Randy Rodriguez,678495,SF,RP,Rodriguez,Randy,Rodríguez,Randy
1257,Jose A. Ferrer,678606,WSH,RP,Ferrer,Jose A.,Ferrer,Jose A.
1259,Ronny Henriquez,678692,MIA,RP,Henriquez,Ronny,Henriquez,Ronny
1261,Luis Peralta,678821,COL,RP,Peralta,Luis,Peralta,Luis
1265,Kai-Wei Teng,678906,SF,SP,Teng,Kai-Wei,Teng,Kai-Wei
1267,Walter Pennington,679156,BAL,RP,Pennington,Walter,Pennington,Walter
1268,Eric Orze,679358,TB,RP,Orze,Eric,Orze,Eric
1269,Alec Marsh,679525,KC,SP,Marsh,Alec,Marsh,Alec
1273,Kyle Backhus,679775,ARI,RP,Backhus,Kyle,Backhus,Kyle
1277,Justin Martinez,679885,ARI,RP,Martinez,Justin,Martinez,Justin
1278,Evan McKendry,679928,CHW,SP,McKendry,Evan,McKendry,Evan
1280,Jackson Wolf,680232,SD,SP,Wolf,Jackson,Wolf,Jackson
1283,Grayson Rodriguez,680570,BAL,SP,Rodriguez,Grayson,Rodriguez,Grayson
1284,Adam Kloffenstein,680572,TOR,RP,Kloffenstein,Adam,Kloffenstein,Adam
1285,Simeon Woods Richardson,680573,MIN,SP,Woods Richardson,Simeon,Woods Richardson,Simeon
1288,Julio Rodriguez,680588,HOU,RP,Rodriguez,Julio,Rodriguez,Julio
1289,Gunnar Hoglund,680684,ATH,SP,Hoglund,Gunnar,Hoglund,Gunnar
1290,Josiah Gray,680686,WSH,SP,Gray,Josiah,Gray,Josiah
1291,Lyon Richardson,680689,CIN,RP,Richardson,Lyon,Richardson,Lyon
1292,Kyle Bradish,680694,BAL,SP,Bradish,Kyle,Bradish,Kyle
1295,Joey Gerber,680702,TB,RP,Gerber,Joey,Gerber,Joey
1296,Nick Sandlin,680704,TOR,RP,Sandlin,Nick,Sandlin,Nick
1300,Drew Rom,680723,STL,SP,Rom,Drew,Rom,Drew
1302,Garrett McDaniels,680729,LAD,RP,McDaniels,Garrett,McDaniels,Garrett
1303,Mitchell Parker,680730,WSH,SP,Parker,Mitchell,Parker,Mitchell
1304,Sean Burke,680732,CHW,SP,Burke,Sean,Burke,Sean
1305,Austin Cox,680735,ATL,RP,Cox,Austin,Cox,Austin
1306,Justin Wrobleski,680736,LAD,RP,Wrobleski,Justin,Wrobleski,Justin
1308,Josh Winder,680739,ARI,RP,Winder,Josh,Winder,Josh
1309,Jonathan Bowlan,680742,KC,RP,Bowlan,Jonathan,Bowlan,Jonathan
1310,Ty Madden,680744,DET,RP,Madden,Ty,Madden,Ty
1312,Victor Vodnik,680767,COL,RP,Vodnik,Victor,Vodnik,Victor
1320,Grant Holman,680880,ATH,RP,Holman,Grant,Holman,Grant
1321,Spencer Schwellenbach,680885,ATL,SP,Schwellenbach,Spencer,Schwellenbach,Spencer
1322,Jack Neely,680891,CHC,RP,Neely,Jack,Neely,Jack
1323,Nick Nastrini,680897,LAD,SP,Nastrini,Nick,Nastrini,Nick
1325,Franco Aleman,680916,CLE,RP,Aleman,Franco,Aleman,Franco
1326,Doug Nikhazy,680951,CLE,RP,Nikhazy,Doug,Nikhazy,Doug
1328,Kelvin Caceres,680983,LAA,RP,Caceres,Kelvin,Caceres,Kelvin
1329,Christian Scott,681035,NYM,SP,Scott,Christian,Scott,Christian
1330,Ky Bush,681066,CHW,SP,Bush,Ky,Bush,Ky
1333,Jayden Murray,681151,HOU,RP,Murray,Jayden,Murray,Jayden
1334,Luis Curvelo,681168,TEX,RP,Curvelo,Luis,Curvelo,Luis
1335,Randy Vasquez,681190,SD,SP,Vasquez,Randy,Vásquez,Randy
1336,Chase Silseth,681217,LAA,RP,Silseth,Chase,Silseth,Chase
1337,Spencer Arrighetti,681293,HOU,SP,Arrighetti,Spencer,Arrighetti,Spencer
1339,Shane Smith,681343,CHW,SP,Smith,Shane,Smith,Shane
1340,Mike Burrows,681347,PIT,SP,Burrows,Mike,Burrows,Mike
1343,Josh Green,681401,ARI,RP,Green,Josh,Green,Josh
1344,Gus Varland,681402,ARI,RP,Varland,Gus,Varland,Gus
1345,Luke Little,681432,CHC,RP,Little,Luke,Little,Luke
1349,Kyle Leahy,681517,STL,RP,Leahy,Kyle,Leahy,Kyle
1350,Antoine Kelly,681520,COL,RP,Kelly,Antoine,Kelly,Antoine
1355,Ryan Fernandez,681676,STL,RP,Fernandez,Ryan,Fernandez,Ryan
1357,Ethan Roberts,681799,CHC,RP,Roberts,Ethan,Roberts,Ethan
1358,Andrew Wantz,681806,TB,RP,Wantz,Andrew,Wantz,Andrew
1360,Chris Vallimont,681808,LAD,RP,Vallimont,Chris,Vallimont,Chris
1361,Austin Warren,681810,NYM,RP,Warren,Austin,Warren,Austin
1362,Reese Olson,681857,DET,SP,Olson,Reese,Olson,Reese
1363,Cooper Criswell,681867,BOS,RP,Criswell,Cooper,Criswell,Cooper
1364,Shawn Dubin,681869,BAL,RP,Dubin,Shawn,Dubin,Shawn
1365,Erik Sabrowski,681870,CLE,RP,Sabrowski,Erik,Sabrowski,Erik
1366,Colin Selby,681882,BAL,RP,Selby,Colin,Selby,Colin
1367,Evan Lee,681885,WSH,RP,Lee,Evan,Lee,Evan
1368,Kody Funderburk,681892,MIN,RP,Funderburk,Kody,Funderburk,Kody
1369,Alex Vesia,681911,LAD,RP,Vesia,Alex,Vesia,Alex
1371,Grant Anderson,681982,MIL,RP,Anderson,Grant,Anderson,Grant
1373,Garrett Hill,682051,SEA,RP,Hill,Garrett,Hill,Garrett
1374,Jacob Lopez,682052,ATH,SP,Lopez,Jacob,Lopez,Jacob
1377,Tim Herrin,682120,CLE,RP,Herrin,Tim,Herrin,Tim
1378,Evan Reifert,682126,TB,RP,Reifert,Evan,Reifert,Evan
1379,Joe Jacques,682175,NYM,RP,Jacques,Joe,Jacques,Joe
1383,Brandon Williamson,682227,CIN,SP,Williamson,Brandon,Williamson,Brandon
1384,Bryce Miller,682243,SEA,SP,Miller,Bryce,Miller,Bryce
1385,Mason Montgomery,682254,TB,RP,Montgomery,Mason,Montgomery,Mason
1388,Roddery Munoz,682610,STL,RP,Munoz,Roddery,Muñoz,Roddery
1393,Richard Gallardo,682620,TOR,SP,Gallardo,Richard,Gallardo,Richard
1398,Osiel Rodriguez,682640,NYY,RP,Rodriguez,Osiel,Rodriguez,Osiel
1407,Eiberson Castellano,682769,PHI,SP,Castellano,Eiberson,Castellano,Eiberson
1408,Wikelman Gonzalez,682790,CHW,RP,Gonzalez,Wikelman,González,Wikelman
1409,Luis Mey,682825,CIN,RP,Mey,Luis,Mey,Luis
1411,Abner Uribe,682842,MIL,RP,Uribe,Abner,Uribe,Abner
1412,Luis L. Ortiz,682847,CLE,SP,Ortiz,Luis L.,Ortiz,Luis L.
1418,Devin Sweet,682967,PHI,RP,Sweet,Devin,Sweet,Devin
1419,Daniel Espino,682982,CLE,SP,Espino,Daniel,Espino,Daniel
1423,Victor Mederos,682989,LAA,SP,Mederos,Victor,Mederos,Victor
1424,Quinn Priester,682990,MIL,SP,Priester,Quinn,Priester,Quinn
1428,Jared Jones,683003,PIT,SP,Jones,Jared,Jones,Jared
1429,Jack Leiter,683004,TEX,SP,Leiter,Jack,Leiter,Jack
1433,Zach Penrod,683068,LAD,RP,Penrod,Zach,Penrod,Zach
1437,Joey Estes,683155,ATH,SP,Estes,Joey,Estes,Joey
1438,Connor Phillips,683175,CIN,RP,Phillips,Connor,Phillips,Connor
1440,Nick Mears,683232,MIL,RP,Mears,Nick,Mears,Nick
1442,Angel Chivilli,683409,COL,RP,Chivilli,Angel,Chivilli,Angel
1444,Jairo Iriarte,683568,CHW,RP,Iriarte,Jairo,Iriarte,Jairo
1445,Edgardo Henriquez,683618,LAD,RP,Henriquez,Edgardo,Henriquez,Edgardo
1446,Anthony Molina,683627,COL,SP,Molina,Anthony,Molina,Anthony
1447,Royber Salinas,683690,ATL,SP,Salinas,Royber,Salinas,Royber
1451,Matt Canterino,683764,MIN,SP,Canterino,Matt,Canterino,Matt
1453,Hunter Gaddis,683769,CLE,RP,Gaddis,Hunter,Gaddis,Hunter
1456,Shota Imanaga,684007,CHC,SP,Imanaga,Shota,Imanaga,Shota
1457,Yariel Rodriguez,684320,TOR,RP,Rodriguez,Yariel,Rodríguez,Yariel
1458,Craig Yoho,684974,MIL,RP,Yoho,Craig,Yoho,Craig
1459,Anthony Veneziano,685107,STL,RP,Veneziano,Anthony,Veneziano,Anthony
1460,Austin Kitchen,685116,SEA,SP,Kitchen,Austin,Kitchen,Austin
1461,Brandon Eisert,685126,CHW,RP,Eisert,Brandon,Eisert,Brandon
1463,Tanner Gordon,685299,COL,SP,Gordon,Tanner,Gordon,Tanner
1465,Andrew Saalfrank,685314,ARI,RP,Saalfrank,Andrew,Saalfrank,Andrew
1466,McCade Brown,685326,COL,SP,Brown,McCade,Brown,McCade
1467,Misael Tamarez,685377,HOU,SP,Tamarez,Misael,Tamarez,Misael
1469,Hunter Bigge,685801,TB,RP,Bigge,Hunter,Bigge,Hunter
1471,Emmet Sheehan,686218,LAD,SP,Sheehan,Emmet,Sheehan,Emmet
1479,Declan Cronin,686539,TEX,RP,Cronin,Declan,Cronin,Declan
1482,Jonathan Cannon,686563,CHW,SP,Cannon,Jonathan,Cannon,Jonathan
1483,Justin Slaten,686580,BOS,RP,Slaten,Justin,Slaten,Justin
1484,Ken Waldichuk,686610,ATH,SP,Waldichuk,Ken,Waldichuk,Ken
1486,Hunter Brown,686613,HOU,SP,Brown,Hunter,Brown,Hunter
1487,Fraser Ellard,686642,CHW,RP,Ellard,Fraser,Ellard,Fraser
1488,Levi Stoudt,686651,BAL,SP,Stoudt,Levi,Stoudt,Levi
1489,Ty Adcock,686654,NYM,RP,Adcock,Ty,Adcock,Ty
1493,Ryan Bergert,686701,KC,SP,Bergert,Ryan,Bergert,Ryan
1494,Carson Spiers,686730,CIN,SP,Spiers,Carson,Spiers,Carson
1495,Joe La Sorsa,686747,NYM,RP,La Sorsa,Joe,La Sorsa,Joe
1496,Seth Johnson,686751,PHI,RP,Johnson,Seth,Johnson,Seth
1497,Ryan Pepiot,686752,TB,SP,Pepiot,Ryan,Pepiot,Ryan
1498,Drey Jameson,686753,ARI,RP,Jameson,Drey,Jameson,Drey
1501,Blake Walston,686796,ARI,RP,Walston,Blake,Walston,Blake
1503,Jack Kochanowicz,686799,LAA,SP,Kochanowicz,Jack,Kochanowicz,Jack
1505,Bryce Jarvis,686826,ARI,RP,Jarvis,Bryce,Jarvis,Bryce
1506,Colby White,686831,NYY,RP,White,Colby,White,Colby
1507,Brendan White,686839,DET,SP,White,Brendan,White,Brendan
1508,Reggie Crawford,686846,SF,RP,Crawford,Reggie,Crawford,Reggie
1510,Mason Barnett,686930,ATH,SP,Barnett,Mason,Barnett,Mason
1512,Cole Waites,686972,SF,RP,Waites,Cole,Waites,Cole
1513,Louis Varland,686973,TOR,RP,Varland,Louis,Varland,Louis
1514,Justin Sterner,686993,ATH,RP,Sterner,Justin,Sterner,Justin
1515,Brandon Young,687064,BAL,SP,Young,Brandon,Young,Brandon
1517,Brandon Sproat,687075,NYM,SP,Sproat,Brandon,Sproat,Brandon
1519,Bradley Blalock,687134,COL,SP,Blalock,Bradley,Blalock,Bradley
1520,Evan Justice,687145,COL,RP,Justice,Evan,Justice,Evan
1521,Zach Maxwell,687209,CIN,RP,Maxwell,Zach,Maxwell,Zach
1525,K.C. Hunt,687268,MIL,SP,Hunt,K.C.,Hunt,K.C.
1526,Quinn Mathews,687273,STL,SP,Mathews,Quinn,Mathews,Quinn
1528,Kevin Kelly,687330,TB,RP,Kelly,Kevin,Kelly,Kevin
1529,Connor Gillispie,687362,MIN,SP,Gillispie,Connor,Gillispie,Connor
1531,Orlando Ribalta,687377,WSH,RP,Ribalta,Orlando,Ribalta,Orlando
1533,Brent Headrick,687396,NYY,RP,Headrick,Brent,Headrick,Brent
1535,Anthony Maldonado,687424,ATH,RP,Maldonado,Anthony,Maldonado,Anthony
1538,Ryan Gusto,687473,MIA,SP,Gusto,Ryan,Gusto,Ryan
1542,Dom Hamel,687589,TEX,SP,Hamel,Dom,Hamel,Dom
1544,Paxton Schultz,687606,TOR,RP,Schultz,Paxton,Schultz,Paxton
1548,Mitch Spence,687765,ATH,SP,Spence,Mitch,Spence,Mitch
1549,DJ Herz,687792,WSH,SP,Herz,DJ,Herz,DJ
1550,Nick Robertson,687798,KC,RP,Robertson,Nick,Robertson,Nick
1552,Sawyer Gipson-Long,687830,DET,SP,Gipson-Long,Sawyer,Gipson-Long,Sawyer
1553,Marc Church,687847,TEX,RP,Church,Marc,Church,Marc
1555,Porter Hodge,687863,CHC,RP,Hodge,Porter,Hodge,Porter
1556,Brandon Walter,687888,HOU,SP,Walter,Brandon,Walter,Brandon
1557,Bryan King,687911,HOU,RP,King,Bryan,King,Bryan
1558,Easton Lucas,687922,TOR,SP,Lucas,Easton,Lucas,Easton
1559,Julian Aguiar,687924,CIN,SP,Aguiar,Julian,Aguiar,Julian
1560,Carson Whisenhunt,687931,SF,SP,Whisenhunt,Carson,Whisenhunt,Carson
1563,Robert Gasser,688107,MIL,SP,Gasser,Robert,Gasser,Robert
1564,Logan Evans,688138,SEA,SP,Evans,Logan,Evans,Logan
1565,Chris Roycroft,688297,STL,RP,Roycroft,Chris,Roycroft,Chris
1567,Kolton Ingram,688427,ATL,RP,Ingram,Kolton,Ingram,Kolton
1569,Zach Agnos,688642,COL,RP,Agnos,Zach,Agnos,Zach
1571,Landon Knack,689017,LAD,SP,Knack,Landon,Knack,Landon
1572,Orion Kerkering,689147,PHI,RP,Kerkering,Orion,Kerkering,Orion
1573,Chad Dallas,689149,TOR,SP,Dallas,Chad,Dallas,Chad
1576,Beau Brieske,689225,DET,RP,Brieske,Beau,Brieske,Beau
1577,Mason Fluharty,689254,TOR,RP,Fluharty,Mason,Fluharty,Mason
1578,Dylan Dodd,689266,ATL,RP,Dodd,Dylan,Dodd,Dylan
1581,Drew Thorpe,689672,CHW,SP,Thorpe,Drew,Thorpe,Drew
1582,Alek Jacob,689690,SD,RP,Jacob,Alek,Jacob,Alek
1583,Andrew Walters,689958,CLE,RP,Walters,Andrew,Walters,Andrew
1584,River Ryan,689981,LAD,SP,Ryan,River,Ryan,River
1587,Ben Joyce,690829,LAA,RP,Joyce,Ben,Joyce,Ben
1588,Richard Fitts,690916,BOS,SP,Fitts,Richard,Fitts,Richard
1590,Clayton Beeter,690925,WSH,RP,Beeter,Clayton,Beeter,Clayton
1591,Hunter Dobbins,690928,BOS,SP,Dobbins,Hunter,Dobbins,Hunter
1592,Mick Abel,690953,MIN,SP,Abel,Mick,Abel,Mick
1595,Dax Fulton,690978,MIA,SP,Fulton,Dax,Fulton,Dax
1596,Kyle Harrison,690986,BOS,SP,Harrison,Kyle,Harrison,Kyle
1599,Cade Horton,690990,CHC,SP,Horton,Cade,Horton,Cade
1601,Nolan McLean,690997,NYM,SP,McLean,Nolan,McLean,Nolan
1609,Yosver Zulueta,691172,CIN,RP,Zulueta,Yosver,Zulueta,Yosver
1615,Moises Chace,691330,PHI,SP,Chace,Moises,Chace,Moisés
1618,Cristian Mena,691441,ARI,RP,Mena,Cristian,Mena,Cristian
1619,Eury Perez,691587,MIA,SP,Perez,Eury,Pérez,Eury
1624,Jared Kelley,691721,CHW,RP,Kelley,Jared,Kelley,Jared
1626,Andrew Painter,691725,PHI,SP,Painter,Andrew,Painter,Andrew
1632,Grant Taylor,691799,CHW,RP,Taylor,Grant,Taylor,Grant
1633,Sem Robberse,691828,STL,RP,Robberse,Sem,Robberse,Sem
1637,George Klassen,691946,LAA,SP,Klassen,George,Klassen,George
1639,Sam Aldegheri,691951,LAA,SP,Aldegheri,Sam,Aldegheri,Sam
1642,Carlos Rodriguez,692230,MIL,RP,Rodriguez,Carlos,Rodriguez,Carlos
1643,Luis Guerrero,692285,BOS,RP,Guerrero,Luis,Guerrero,Luis
1644,Yoniel Curet,692414,TB,SP,Curet,Yoniel,Curet,Yoniel
1645,Winston Santos,692437,TEX,SP,Santos,Winston,Santos,Winston
1650,Nick Frasso,693308,LAD,RP,Frasso,Nick,Frasso,Nick
1651,Burl Carraway,693310,CHC,RP,Carraway,Burl,Carraway,Burl
1652,Tink Hence,693311,STL,SP,Hence,Tink,Hence,Tink
1653,Kyle Nicolas,693312,PIT,RP,Nicolas,Kyle,Nicolas,Kyle
1654,Carson Seymour,693313,SF,SP,Seymour,Carson,Seymour,Carson
1655,Bryan Woo,693433,SEA,SP,Woo,Bryan,Woo,Bryan
1656,Taylor Dollard,693440,SEA,SP,Dollard,Taylor,Dollard,Taylor
1657,Cam Schlittler,693645,NYY,SP,Schlittler,Cam,Schlittler,Cam
1658,Emiliano Teodo,693713,TEX,SP,Teodo,Emiliano,Teodo,Emiliano
1659,Bryce Elder,693821,ATL,SP,Elder,Bryce,Elder,Bryce
1660,Ian Seymour,693855,TB,SP,Seymour,Ian,Seymour,Ian
1661,Daniel Palencia,694037,CHC,RP,Palencia,Daniel,Palencia,Daniel
1667,Brandon Pfaadt,694297,ARI,SP,Pfaadt,Brandon,Pfaadt,Brandon
1668,Matt Svanson,694335,STL,RP,Svanson,Matt,Svanson,Matt
1669,Zach Brzykcy,694350,WSH,RP,Brzykcy,Zach,Brzykcy,Zach
1671,Ricky Tiedemann,694357,TOR,SP,Tiedemann,Ricky,Tiedemann,Ricky
1672,Tekoah Roby,694358,STL,SP,Roby,Tekoah,Roby,Tekoah
1674,Will Klein,694361,LAD,RP,Klein,Will,Klein,Will
1676,Jared Shuster,694363,ATH,RP,Shuster,Jared,Shuster,Jared
1684,Hurston Waldrep,694462,ATL,SP,Waldrep,Hurston,Waldrep,Hurston
1685,Chad Patrick,694477,MIL,SP,Patrick,Chad,Patrick,Chad
1688,Chase Hampton,694633,NYY,SP,Hampton,Chase,Hampton,Chase
1689,Chayce McDermott,694646,BAL,SP,McDermott,Chayce,McDermott,Chayce
1692,Landen Roupp,694738,SF,SP,Roupp,Landen,Roupp,Landen
1693,Gavin Stone,694813,LAD,SP,Stone,Gavin,Stone,Gavin
1694,Jacob Misiorowski,694819,MIL,SP,Misiorowski,Jacob,Misiorowski,Jacob
1695,Ryan Murphy,694885,SF,SP,Murphy,Ryan,Murphy,Ryan
1696,Paul Skenes,694973,PIT,SP,Skenes,Paul,Skenes,Paul
1697,Rhett Lowder,695076,CIN,SP,Lowder,Rhett,Lowder,Rhett
1699,Mason Miller,695243,SD,RP,Miller,Mason,Miller,Mason
1703,Brad Lord,695418,WSH,SP,Lord,Brad,Lord,Brad
1704,Chase Burns,695505,CIN,SP,Burns,Chase,Burns,Chase
1707,Chase Petty,695534,CIN,SP,Petty,Chase,Petty,Chase
1708,Jackson Jobe,695549,DET,SP,Jobe,Jackson,Jobe,Jackson
1715,Josh Stephan,695776,TEX,SP,Stephan,Josh,Stephan,Josh
1716,Wilmer Flores,695865,DET,RP,Flores,Wilmer,Flores,Wilmer
1719,Mason Black,696131,SF,SP,Black,Mason,Black,Mason
1720,Jordan Wicks,696136,CHC,SP,Wicks,Jordan,Wicks,Jordan
1721,Hagen Smith,696146,CHW,SP,Smith,Hagen,Smith,Hagen
1722,Sam Bachman,696147,LAA,RP,Bachman,Sam,Bachman,Sam
1723,Bubba Chandler,696149,PIT,SP,Chandler,Bubba,Chandler,Bubba
1724,Ryan Johnson,696270,LAA,RP,Johnson,Ryan,Johnson,Ryan
1726,Joe Rock,697812,TB,RP,Rock,Joe,Rock,Joe
1727,Miguel Ullola,699044,HOU,SP,Ullola,Miguel,Ullola,Miguel
1731,Troy Taylor,700187,SEA,RP,Taylor,Troy,Taylor,Troy
1732,Michael McGreevy,700241,STL,SP,McGreevy,Michael,McGreevy,Michael
1735,Cade Povich,700249,BAL,SP,Povich,Cade,Povich,Cade
1737,Yilber Diaz,700270,ARI,RP,Diaz,Yilber,Díaz,Yilber
1739,AJ Smith-Shawver,700363,ATL,SP,Smith-Shawver,AJ,Smith-Shawver,AJ
1740,Gordon Graceffo,700669,STL,RP,Graceffo,Gordon,Graceffo,Gordon
1742,Logan VanWey,701121,HOU,RP,VanWey,Logan,VanWey,Logan
1744,Jackson Ferris,701328,LAD,SP,Ferris,Jackson,Ferris,Jackson
1748,Pierson Ohl,701487,MIN,RP,Ohl,Pierson,Ohl,Pierson
1750,Will Warren,701542,NYY,SP,Warren,Will,Warren,Will
1751,David Festa,701581,MIN,SP,Festa,David,Festa,David
1752,Grant Hartwig,701643,NYM,RP,Hartwig,Grant,Hartwig,Grant
1754,Logan Henderson,701656,MIL,SP,Henderson,Logan,Henderson,Logan
1758,Justin Armbruester,701859,BAL,RP,Armbruester,Justin,Armbruester,Justin
1759,Will Dion,702021,CLE,SP,Dion,Will,Dion,Will
1760,Trey Yesavage,702056,TOR,SP,Yesavage,Trey,Yesavage,Trey
1761,Noah Cameron,702070,KC,SP,Cameron,Noah,Cameron,Noah
1763,Andrew Morris,702193,MIN,RP,Morris,Andrew,Morris,Andrew
1766,Noah Schultz,702273,CHW,SP,Schultz,Noah,Schultz,Noah
1767,Robby Snelling,702281,MIA,SP,Snelling,Robby,Snelling,Robby
1772,Spencer Bivens,702352,SF,RP,Bivens,Spencer,Bivens,Spencer
1774,Jimmy Joyce,702460,SEA,SP,Joyce,Jimmy,Joyce,Jimmy
1777,Caden Dana,702674,LAA,SP,Dana,Caden,Dana,Caden
1778,Ryan Loutos,702795,WSH,RP,Loutos,Ryan,Loutos,Ryan
1780,Jarlin Susana,703186,WSH,SP,Susana,Jarlin,Susana,Jarlin
1781,Parker Messick,800048,CLE,SP,Messick,Parker,Messick,Parker
1782,Adam Mazur,800049,MIA,SP,Mazur,Adam,Mazur,Adam
1784,Didier Fuentes,800311,ATL,SP,Fuentes,Didier,Fuentes,Didier
1785,Payton Tolle,801139,BOS,SP,Tolle,Payton,Tolle,Payton
1786,Chase Dollander,801403,COL,SP,Dollander,Chase,Dollander,Chase
1788,Drue Hackenberg,802357,ATL,SP,Hackenberg,Drue,Hackenberg,Drue
1790,Thomas Harrington,802419,PIT,SP,Harrington,Thomas,Harrington,Thomas
1791,Reid VanScoter,804577,SEA,SP,VanScoter,Reid,VanScoter,Reid
1792,Jonah Tong,804636,NYM,SP,Tong,Jonah,Tong,Jonah
1793,AJ Blubaugh,805123,HOU,SP,Blubaugh,AJ,Blubaugh,AJ
1798,Zebby Matthews,805673,MIN,SP,Matthews,Zebby,Matthews,Zebby
1803,Hayden Birdsong,806185,SF,SP,Birdsong,Hayden,Birdsong,Hayden
1806,Luis Morales,806960,ATH,SP,Morales,Luis,Morales,Luis
1811,Roki Sasaki,808963,LAD,SP,Sasaki,Roki,Sasaki,Roki
1812,Yoshinobu Yamamoto,808967,LAD,SP,Yamamoto,Yoshinobu,Yamamoto,Yoshinobu
1813,Woo-Suk Go,808970,DET,RP,Go,Woo-Suk,Go,Woo-Suk
1818,Connelly Early,813349,BOS,SP,Early,Connelly,Early,Connelly
1819,Jake Bloss,814005,TOR,SP,Bloss,Jake,Bloss,Jake
1823,Shinnosuke Ogasawara,829272,WSH,SP,Ogasawara,Shinnosuke,Ogasawara,Shinnosuke
1824,Koyo Aoyagi,829460,PHI,RP,Aoyagi,Koyo,Aoyagi,Koyo
1825,Shohei Ohtani,660271,LAD,SP,Ohtani,Shohei,Ohtani,Shohei
